"#","Country,Other","TotalCases","NewCases","TotalDeaths","NewDeaths","TotalRecovered","NewRecovered","ActiveCases","Serious,Critical","Tot Cases/1M pop","Deaths/1M pop","TotalTests","Tests/1M pop","Population","Continent","1 Caseevery X ppl","1 Deathevery X ppl","1 Testevery X ppl","New Cases/1M pop","New Deaths/1M pop","Active Cases/1M pop"
NA,"North America","39,078,544","+10,176","876,265","+422","31,189,198","+6,842","7,013,081","16,401","","","","","","North America","","",NA,NA,NA,""
NA,"Asia","45,968,520","+271,064","594,763","+2,778","40,062,750","+265,197","5,311,007","33,111","","","","","","Asia","","",NA,NA,NA,""
NA,"South America","26,416,486","","718,992","","23,965,004","+1,461","1,732,490","28,211","","","","","","South America","","",NA,NA,NA,""
NA,"Europe","45,930,422","+57,322","1,045,997","+1,782","41,511,046","+102,013","3,373,379","23,332","","","","","","Europe","","",NA,NA,NA,""
NA,"Africa","4,709,177","+539","125,949","+11","4,243,741","+493","339,487","3,062","","","","","","Africa","","",NA,NA,NA,""
NA,"Oceania","65,872","+287","1,225","+3","61,354","+27","3,293","3","","","","","","Australia/Oceania","","",NA,NA,NA,""
NA,"","721","","15","","706","","0","0","","","","","","","","",NA,NA,NA,""
NA,"World","162,169,742","+339,388","3,363,206","+4,996","141,033,799","+376,033","17,772,737","104,120","20,805","431.5","","","","All","","",NA,NA,NA,""
1,"USA","33,628,065","+1,968","598,567","+27","26,667,224","+25","6,362,274","8,611","101,082","1,799","462,798,339","1,391,121","332,680,263","North America","10","556",1,6,0.08,"19,124"
2,"India","24,263,390","+217,270","264,124","+1,774","20,281,508","+208,141","3,717,758","8,944","17,434","190","311,324,100","223,698","1,391,716,282","Asia","57","5,269",4,156,1,"2,671"
3,"Brazil","15,436,827","","430,596","","13,979,329","","1,026,902","8,318","72,180","2,013","46,970,130","219,625","213,864,852","South America","14","497",5,NA,NA,"4,802"
4,"France","5,841,129","","107,250","","4,999,079","","734,800","4,442","89,316","1,640","80,214,807","1,226,555","65,398,484","Europe","11","610",1,NA,NA,"11,236"
5,"Turkey","5,083,996","","44,059","","4,856,763","","183,174","2,765","59,726","518","50,259,943","590,444","85,122,228","Asia","17","1,932",2,NA,NA,"2,152"
6,"Russia","4,922,901","+9,462","115,116","+393","4,537,634","+9,756","270,151","2,300","33,721","789","132,700,000","908,975","145,988,633","Europe","30","1,268",1,65,3,"1,850"
7,"UK","4,446,824","+2,193","127,668","+17","4,260,169","+1,871","58,987","129","65,208","1,872","169,007,195","2,478,319","68,194,286","Europe","15","534",0,32,0.2,"865"
8,"Italy","4,146,722","+7,567","123,927","+182","3,683,189","+13,782","339,606","1,860","68,672","2,052","62,405,408","1,033,462","60,384,820","Europe","15","487",1,125,3,"5,624"
9,"Spain","3,598,452","","79,281","","3,297,340","","221,831","1,931","76,939","1,695","47,213,067","1,009,463","46,770,455","Europe","13","590",1,NA,NA,"4,743"
10,"Germany","3,578,313","+2,669","86,398","+122","3,259,000","+18,700","232,915","4,376","42,591","1,028","58,093,759","691,463","84,015,677","Europe","23","972",1,32,1,"2,772"
11,"Argentina","3,242,103","","69,254","","2,891,435","","281,414","5,420","71,171","1,520","12,142,248","266,547","45,553,852","South America","14","658",4,NA,NA,"6,178"
12,"Colombia","3,067,879","","79,760","","2,874,656","","113,463","6,582","59,743","1,553","15,711,926","305,972","51,350,926","South America","17","644",3,NA,NA,"2,210"
13,"Poland","2,849,014","+3,288","71,311","+289","2,589,277","+4,526","188,426","1,690","75,349","1,886","15,078,062","398,778","37,810,712","Europe","13","530",3,87,8,"4,983"
14,"Iran","2,732,152","+10,145","76,433","+202","2,196,197","+16,307","459,522","5,468","32,173","900","17,750,149","209,022","84,920,057","Asia","31","1,111",5,119,2,"5,411"
15,"Mexico","2,375,115","+3,632","219,901","+311","1,895,483","+2,247","259,731","4,798","18,256","1,690","6,811,363","52,354","130,101,834","North America","55","592",19,28,2,"1,996"
16,"Ukraine","2,143,448","+7,562","47,620","+287","1,832,601","+15,958","263,227","177","49,268","1,095","9,790,291","225,034","43,505,911","Europe","20","914",4,174,7,"6,050"
17,"Peru","1,873,316","","65,316","","1,720,665","","87,335","2,681","56,141","1,957","11,901,521","356,677","33,367,789","South America","18","511",3,NA,NA,"2,617"
18,"Indonesia","1,734,285","+2,633","47,823","+107","1,592,886","+3,807","93,576","","6,283","173","15,410,887","55,833","276,019,737","Asia","159","5,772",18,10,0.4,"339"
19,"Czechia","1,651,178","+1,218","29,857","+11","1,588,346","+99","32,975","319","153,939","2,784","21,004,062","1,958,207","10,726,173","Europe","6","359",1,114,1,"3,074"
20,"South Africa","1,605,252","","55,012","","1,520,878","","29,362","546","26,775","918","11,010,999","183,659","59,953,584","Africa","37","1,090",5,NA,NA,"490"
21,"Netherlands","1,589,282","+5,515","17,423","+10","1,351,998","+5,372","219,861","722","92,574","1,015","13,171,698","767,238","17,167,676","Europe","11","985",1,321,0.6,"12,807"
22,"Canada","1,314,778","+2,364","24,851","+26","1,215,616","+3,502","74,311","1,327","34,574","653","33,130,218","871,208","38,027,907","North America","29","1,530",1,62,0.7,"1,954"
23,"Chile","1,266,601","","27,520","","1,204,176","","34,905","2,976","65,770","1,429","13,750,280","714,007","19,257,906","South America","15","700",1,NA,NA,"1,813"
24,"Iraq","1,132,092","","15,883","","1,028,627","","87,582","471","27,613","387","9,817,969","239,473","40,998,203","Asia","36","2,581",4,NA,NA,"2,136"
25,"Philippines","1,131,467","+6,784","18,958","+137","1,053,523","+2,972","58,986","1,819","10,208","171","12,529,921","113,047","110,838,623","Asia","98","5,847",9,61,1,"532"
26,"Romania","1,070,605","+835","29,413","+105","1,022,029","+1,835","19,163","809","55,975","1,538","8,626,765","451,040","19,126,382","Europe","18","650",2,44,5,"1,002"
27,"Sweden","1,037,126","","14,275","+36","878,189","+7,117","144,662","341","102,143","1,406","8,798,383","866,521","10,153,687","Europe","10","711",1,NA,4,"14,247"
28,"Belgium","1,026,473","+2,890","24,645","+15","897,904","","103,924","657","88,236","2,118","13,182,705","1,133,193","11,633,238","Europe","11","472",1,248,1,"8,933"
29,"Pakistan","873,220","+2,517","19,384","+48","780,438","+4,123","73,398","4,330","3,888","86","12,380,676","55,128","224,582,574","Asia","257","11,586",18,11,0.2,"327"
30,"Portugal","840,929","","16,999","","801,961","","21,969","70","82,680","1,671","11,052,822","1,086,705","10,170,947","Europe","12","598",1,NA,NA,"2,160"
31,"Israel","839,076","+17","6,379","","831,922","+34","775","68","91,228","694","14,487,253","1,575,114","9,197,590","Asia","11","1,442",1,2,NA,"84"
32,"Hungary","796,390","+1,190","29,041","+71","608,891","+8,430","158,458","338","82,621","3,013","5,607,336","581,728","9,639,099","Europe","12","332",2,123,7,"16,439"
33,"Bangladesh","779,535","+848","12,102","+26","720,471","+852","46,962","1,149","4,693","73","5,698,528","34,307","166,105,663","Asia","213","13,725",29,5,0.2,"283"
34,"Jordan","723,069","+315","9,224","+21","710,445","+35","3,400","729","70,265","896","6,912,958","671,776","10,290,568","Asia","14","1,116",1,31,2,"330"
35,"Serbia","705,185","+787","6,646","+17","673,038","+1,677","25,501","101","80,992","763","3,989,567","458,209","8,706,867","Europe","12","1,310",2,90,2,"2,929"
36,"Switzerland","679,510","+2,300","10,729","+1","617,283","+2,412","51,498","179","78,021","1,232","7,273,942","835,192","8,709,301","Europe","13","812",1,264,0.1,"5,913"
37,"Japan","665,547","+6,874","11,255","+90","579,446","+5,533","74,846","1,209","5,276","89","12,913,954","102,377","126,140,961","Asia","190","11,208",10,54,0.7,"593"
38,"Austria","635,780","+887","10,455","+11","612,523","+1,269","12,802","322","70,246","1,155","35,939,913","3,970,903","9,050,816","Europe","14","866",0,98,1,"1,414"
39,"UAE","542,158","","1,623","","522,356","","18,179","","54,251","162","46,613,437","4,664,386","9,993,478","Asia","18","6,157",0,NA,NA,"1,819"
40,"Lebanon","534,968","","7,569","","492,270","","35,129","333","78,684","1,113","4,163,257","612,338","6,798,949","Asia","13","898",2,NA,NA,"5,167"
41,"Morocco","514,670","","9,091","","502,205","","3,374","96","13,803","244","6,367,171","170,757","37,287,963","Africa","72","4,102",6,NA,NA,"90"
42,"Malaysia","462,190","+4,113","1,822","+34","418,897","+4,190","41,471","482","14,124","56","10,397,529","317,738","32,723,609","Asia","71","17,960",3,126,1,"1,267"
43,"Nepal","439,658","+8,467","4,669","+203","327,653","+6,135","107,336","","14,859","158","2,733,510","92,386","29,587,919","Asia","67","6,337",11,286,7,"3,628"
44,"Saudi Arabia","430,505","","7,122","","414,139","","9,244","1,344","12,202","202","17,812,376","504,872","35,280,979","Asia","82","4,954",2,NA,NA,"262"
45,"Bulgaria","413,320","","17,194","","360,002","","36,124","516","59,875","2,491","2,642,503","382,801","6,903,067","Europe","17","401",3,NA,NA,"5,233"
46,"Ecuador","405,783","","19,442","","342,878","","43,463","594","22,703","1,088","1,355,202","75,820","17,873,899","South America","44","919",13,NA,NA,"2,432"
47,"Slovakia","387,162","+294","12,168","+33","370,076","+428","4,918","214","70,884","2,228","2,752,948","504,025","5,461,931","Europe","14","449",2,54,6,"900"
48,"Greece","373,881","+2,169","11,322","+56","335,156","+1,264","27,403","677","36,023","1,091","8,772,810","845,253","10,378,916","Europe","28","917",1,209,5,"2,640"
49,"Belarus","373,351","+1,109","2,681","+10","363,873","+1,067","6,797","","39,522","284","6,050,830","640,528","9,446,632","Europe","25","3,524",2,117,1,"720"
50,"Panama","369,455","","6,288","","358,358","","4,809","105","84,480","1,438","2,497,125","570,996","4,373,282","North America","12","695",2,NA,NA,"1,100"
51,"Kazakhstan","353,140","+2,549","4,017","+33","310,168","+2,704","38,955","221","18,615","212","10,691,113","563,567","18,970,446","Asia","54","4,723",2,134,2,"2,053"
52,"Croatia","349,084","+926","7,664","+41","334,206","+1,537","7,214","207","85,490","1,877","1,912,994","468,491","4,083,312","Europe","12","533",2,227,10,"1,767"
53,"Azerbaijan","328,994","+326","4,754","+12","312,460","+1,262","11,780","","32,197","465","3,368,394","329,650","10,218,087","Asia","31","2,149",3,32,1,"1,153"
54,"Georgia","327,831","+1,390","4,397","+18","307,334","+1,070","16,100","","82,317","1,104","4,511,631","1,132,854","3,982,534","Asia","12","906",1,349,5,"4,043"
55,"Bolivia","324,868","","13,345","","267,973","+1,461","43,550","158","27,507","1,130","1,287,762","109,037","11,810,296","South America","36","885",9,NA,NA,"3,687"
56,"Tunisia","324,823","","11,693","","284,754","","28,376","445","27,238","981","1,378,729","115,613","11,925,349","Africa","37","1,020",9,NA,NA,"2,379"
57,"Paraguay","307,457","","7,427","","254,360","","45,670","592","42,654","1,030","1,176,104","163,164","7,208,106","South America","23","971",6,NA,NA,"6,336"
58,"Palestine","303,270","","3,401","","288,891","","10,978","78","58,284","654","1,784,690","342,992","5,203,302","Asia","17","1,530",3,NA,NA,"2,110"
59,"Kuwait","290,006","+763","1,681","+7","275,745","+1,191","12,580","190","67,053","389","2,446,116","565,576","4,324,999","Asia","15","2,573",2,176,2,"2,909"
60,"Costa Rica","279,926","","3,514","","219,105","","57,307","482","54,521","684","1,083,035","210,942","5,134,282","North America","18","1,461",5,NA,NA,"11,162"
61,"Dominican Republic","274,319","","3,560","","232,625","","38,134","242","25,071","325","1,461,677","133,586","10,941,808","North America","40","3,074",7,NA,NA,"3,485"
62,"Ethiopia","264,960","","3,951","","215,734","","45,275","653","2,257","34","2,640,295","22,488","117,408,852","Africa","443","29,716",44,NA,NA,"386"
63,"Denmark","264,465","+951","2,499","","249,487","+804","12,479","33","45,520","430","45,701,715","7,866,255","5,809,844","Europe","22","2,325",0,164,NA,"2,148"
64,"Lithuania","263,475","+1,125","4,084","+12","237,431","+989","21,960","158","97,972","1,519","3,074,012","1,143,060","2,689,283","Europe","10","658",1,418,4,"8,166"
65,"Ireland","254,870","+420","4,941","+4","237,168","+421","12,761","39","51,124","991","4,729,538","948,682","4,985,377","Europe","20","1,009",1,84,0.8,"2,560"
66,"Moldova","253,386","","5,995","","244,298","","3,093","171","62,940","1,489","1,033,892","256,814","4,025,841","Europe","16","672",4,NA,NA,"768"
67,"Slovenia","248,520","+471","4,314","+6","236,049","+943","8,157","125","119,528","2,075","1,224,095","588,738","2,079,185","Europe","8","482",2,227,3,"3,923"
68,"Egypt","242,120","","14,150","","179,261","","48,709","90","2,328","136","2,715,258","26,109","103,995,350","Africa","430","7,349",38,NA,NA,"468"
69,"Guatemala","238,787","","7,832","","218,321","","12,634","5","13,120","430","1,322,009","72,635","18,200,794","North America","76","2,324",14,NA,NA,"694"
70,"Uruguay","231,901","","3,318","","201,367","","27,216","511","66,559","952","1,965,821","564,219","3,484,143","South America","15","1,050",2,NA,NA,"7,811"
71,"Honduras","223,922","+930","5,898","+45","82,187","","135,837","510","22,302","587","668,892","66,621","10,040,310","North America","45","1,702",15,93,4,"13,529"
72,"Armenia","220,447","+230","4,301","+10","207,464","+712","8,682","","74,274","1,449","1,030,335","347,144","2,968,036","Asia","13","690",3,77,3,"2,925"
73,"Qatar","212,667","+244","524","+2","205,750","+590","6,393","215","75,741","187","1,964,598","699,692","2,807,805","Asia","13","5,358",1,87,0.7,"2,277"
74,"Venezuela","211,838","","2,352","","195,380","","14,106","316","7,468","83","3,359,014","118,416","28,366,129","South America","134","12,060",8,NA,NA,"497"
75,"Oman","202,713","","2,148","","186,391","","14,174","255","38,848","412","1,550,000","297,042","5,218,121","Asia","26","2,429",3,NA,NA,"2,716"
76,"Bosnia and Herzegovina","202,143","+140","8,981","+23","168,549","+404","24,613","","61,948","2,752","937,964","287,444","3,263,121","Europe","16","363",3,43,7,"7,543"
77,"Bahrain","196,105","","715","","179,958","","15,432","166","111,921","408","4,307,946","2,458,628","1,752,175","Asia","9","2,451",0,NA,NA,"8,807"
78,"Libya","181,179","","3,085","","167,629","","10,465","","26,062","444","981,532","141,190","6,951,847","Africa","38","2,253",7,NA,NA,"1,505"
79,"Nigeria","165,612","","2,066","","156,387","","7,159","11","787","10","1,977,479","9,393","210,526,787","Africa","1,271","101,901",106,NA,NA,"34"
80,"Kenya","165,112","+392","2,976","+8","113,432","+184","48,704","118","3,014","54","1,737,168","31,706","54,789,380","Africa","332","18,410",32,7,0.1,"889"
81,"North Macedonia","154,524","+30","5,184","+16","143,427","+358","5,913","124","74,173","2,488","749,727","359,875","2,083,300","Europe","13","402",3,14,8,"2,838"
82,"Myanmar","143,035","+31","3,212","","132,072","+3","7,751","","2,614","59","2,599,597","47,503","54,724,978","Asia","383","17,038",21,0.6,NA,"142"
83,"Sri Lanka","136,685","+889","892","","110,108","+1,306","25,685","","6,360","42","3,050,870","141,961","21,490,889","Asia","157","24,093",7,41,NA,"1,195"
84,"Albania","131,890","","2,426","","121,122","","8,342","18","45,874","844","666,176","231,707","2,875,076","Europe","22","1,185",4,NA,NA,"2,901"
85,"S. Korea","130,380","+747","1,893","+2","120,395","+489","8,092","153","2,541","37","9,281,291","180,896","51,307,377","Asia","394","27,104",6,15,0.04,"158"
86,"Latvia","127,053","+666","2,248","+8","115,670","+689","9,135","81","68,012","1,203","2,470,356","1,322,397","1,868,090","Europe","15","831",1,357,4,"4,890"
87,"Estonia","126,642","+279","1,217","+5","118,008","+426","7,417","36","95,413","917","1,351,340","1,018,107","1,327,307","Europe","10","1,091",1,210,4,"5,588"
88,"Algeria","124,889","","3,355","","87,003","","34,531","28","2,804","75","230,861","5,184","44,532,647","Africa","357","13,274",193,NA,NA,"775"
89,"Cuba","121,838","+1,277","785","+7","114,544","+1,051","6,509","138","10,762","69","3,946,550","348,616","11,320,629","North America","93","14,421",3,113,0.6,"575"
90,"Norway","118,538","+223","774","","88,952","","28,812","24","21,719","142","5,423,294","993,667","5,457,857","Europe","46","7,051",1,41,NA,"5,279"
91,"Kyrgyzstan","99,845","+200","1,687","+6","92,953","+235","5,205","85","15,089","255","1,046,855","158,209","6,616,901","Asia","66","3,922",6,30,0.9,"787"
92,"Montenegro","98,619","","1,551","","95,544","","1,524","64","157,003","2,469","390,682","621,971","628,135","Europe","6","405",2,NA,NA,"2,426"
93,"Uzbekistan","96,117","+291","667","","91,507","+206","3,943","23","2,836","20","1,377,915","40,662","33,887,260","Asia","353","50,805",25,9,NA,"116"
94,"Thailand","96,050","+2,256","548","+30","62,316","+1,701","33,186","1,207","1,373","8","8,124,896","116,150","69,951,511","Asia","728","127,649",9,32,0.4,"474"
95,"Ghana","93,159","","783","","90,992","","1,384","7","2,945","25","1,113,553","35,205","31,630,693","Africa","340","40,397",28,NA,NA,"44"
96,"Zambia","92,262","","1,260","","90,635","","367","42","4,901","67","1,457,277","77,410","18,825,532","Africa","204","14,941",13,NA,NA,"19"
97,"Finland","89,686","+154","931","+1","46,000","","42,755","28","16,165","168","4,720,329","850,790","5,548,169","Europe","62","5,959",1,28,0.2,"7,706"
98,"Cameroon","74,946","","1,152","","70,497","","3,297","385","2,764","42","1,518,411","56,003","27,113,250","Africa","362","23,536",18,NA,NA,"122"
99,"El Salvador","70,915","","2,178","+5","66,418","","2,319","28","10,886","334","946,627","145,311","6,514,499","North America","92","2,991",7,NA,0.8,"356"
100,"Cyprus","70,571","","342","","39,061","","31,168","54","58,085","281","5,641,097","4,643,062","1,214,952","Asia","17","3,552",0,NA,NA,"25,654"
101,"Mozambique","70,315","","826","","68,314","","1,175","24","2,197","26","532,010","16,622","32,006,467","Africa","455","38,749",60,NA,NA,"37"
102,"Luxembourg","68,899","","806","","65,513","","2,580","30","108,545","1,270","2,759,543","4,347,449","634,750","Europe","9","788",0,NA,NA,"4,065"
103,"Afghanistan","63,412","+63","2,733","+3","54,634","+15","6,045","1,124","1,598","69","428,935","10,809","39,681,789","Asia","626","14,519",93,2,0.08,"152"
104,"Singapore","61,505","+52","31","","61,029","","445","3","10,442","5","10,441,802","1,772,776","5,890,085","Asia","96","190,003",1,9,NA,"76"
105,"Namibia","50,733","","704","","47,776","","2,253","60","19,660","273","406,093","157,369","2,580,514","Africa","51","3,666",6,NA,NA,"873"
106,"Botswana","49,041","","751","","46,290","","2,000","1","20,498","314","1,086,267","454,036","2,392,467","Africa","49","3,186",2,NA,NA,"836"
107,"Mongolia","47,548","+515","200","+7","38,330","+1,049","9,018","110","14,305","60","2,815,627","847,120","3,323,765","Asia","70","16,619",1,155,2,"2,713"
108,"Jamaica","47,020","","834","","22,761","","23,425","14","15,819","281","350,044","117,767","2,972,343","North America","63","3,564",8,NA,NA,"7,881"
109,"Ivory Coast","46,520","","294","","45,977","","249","","1,727","11","608,960","22,605","26,939,174","Africa","579","91,630",44,NA,NA,"9"
110,"Uganda","42,578","","346","","41,971","","261","24","906","7","1,052,657","22,407","46,978,304","Africa","1,103","135,775",45,NA,NA,"6"
111,"Maldives","41,308","","87","","27,428","","13,793","90","75,278","159","783,134","1,427,149","548,740","Asia","13","6,307",1,NA,NA,"25,136"
112,"Senegal","40,806","+16","1,122","","39,529","+28","155","11","2,383","66","495,502","28,938","17,122,595","Africa","420","15,261",35,0.9,NA,"9"
113,"Madagascar","39,888","+129","748","+3","37,431","+281","1,709","285","1,409","26","194,669","6,878","28,302,091","Africa","710","37,837",145,5,0.1,"60"
114,"Zimbabwe","38,491","","1,582","","36,286","","623","12","2,558","105","441,294","29,323","15,049,396","Africa","391","9,513",34,NA,NA,"41"
115,"Sudan","34,272","","2,446","","27,949","","3,877","","766","55","232,965","5,208","44,728,855","Africa","1,305","18,287",192,NA,NA,"87"
116,"Malawi","34,200","","1,153","","32,176","","871","11","1,749","59","238,017","12,172","19,554,257","Africa","572","16,959",82,NA,NA,"45"
117,"DRC","30,478","","775","","26,601","","3,102","","332","8","155,121","1,688","91,894,622","Africa","3,015","118,574",592,NA,NA,"34"
118,"Malta","30,474","+1","417","","29,877","+10","180","","68,858","942","893,092","2,018,013","442,560","Europe","15","1,061",0,2,NA,"407"
119,"Australia","29,957","+2","910","","28,861","","186","1","1,163","35","17,449,487","677,515","25,755,133","Australia/Oceania","860","28,302",1,0.08,NA,"7"
120,"Angola","29,695","","649","","25,629","","3,417","21","880","19","527,590","15,636","33,742,111","Africa","1,136","51,991",64,NA,NA,"101"
121,"Cabo Verde","27,386","","243","","24,289","","2,854","23","48,799","433","158,645","282,690","561,198","Africa","20","2,309",4,NA,NA,"5,086"
122,"Rwanda","25,934","","342","","24,486","","1,106","1","1,961","26","1,358,566","102,704","13,227,916","Africa","510","38,678",10,NA,NA,"84"
123,"Gabon","23,734","","143","","20,270","","3,321","18","10,452","63","763,003","335,999","2,270,850","Africa","96","15,880",3,NA,NA,"1,462"
124,"Syria","23,595","","1,682","","19,908","","2,005","","1,321","94","103,566","5,797","17,865,780","Asia","757","10,622",173,NA,NA,"112"
125,"Guinea","22,719","","151","","20,341","","2,227","24","1,691","11","444,435","33,072","13,438,415","Africa","592","88,996",30,NA,NA,"166"
126,"Réunion","22,644","","169","","21,603","","872","36","25,137","188","102,720","114,028","900,832","Africa","40","5,330",9,NA,NA,"968"
127,"Cambodia","21,499","+358","147","+5","9,867","+348","11,485","","1,271","9","1,029,636","60,859","16,918,431","Asia","787","115,091",16,21,0.3,"679"
128,"French Guiana","21,433","","108","","9,995","","11,330","24","70,197","354","234,279","767,305","305,327","South America","14","2,827",1,NA,NA,"37,108"
129,"Mayotte","20,176","","171","","2,964","","17,041","6","72,453","614","176,919","635,327","278,469","Africa","14","1,628",2,NA,NA,"61,195"
130,"French Polynesia","18,797","","141","","18,617","","39","1","66,582","499","26,355","93,354","282,312","Australia/Oceania","15","2,002",11,NA,NA,"138"
131,"Mauritania","18,767","","457","","17,999","","311","14","3,947","96","247,170","51,986","4,754,546","Africa","253","10,404",19,NA,NA,"65"
132,"Eswatini","18,497","","671","","17,786","","40","3","15,802","573","196,068","167,503","1,170,532","Africa","63","1,744",6,NA,NA,"34"
133,"Guadeloupe","16,017","","221","","2,242","","13,554","33","40,024","552","195,404","488,287","400,183","North America","25","1,811",2,NA,NA,"33,870"
134,"Guyana","14,845","","333","","12,693","","1,819","12","18,795","422","133,695","169,270","789,833","South America","53","2,372",6,NA,NA,"2,303"
135,"Trinidad and Tobago","14,814","","256","","9,744","","4,814","15","10,556","182","149,880","106,797","1,403,408","North America","95","5,482",9,NA,NA,"3,430"
136,"Somalia","14,486","","753","","6,325","","7,408","","890","46","120,132","7,382","16,273,534","Africa","1,123","21,612",135,NA,NA,"455"
137,"Mali","14,149","","508","","9,123","","4,518","","682","24","280,531","13,519","20,750,949","Africa","1,467","40,848",74,NA,NA,"218"
138,"Papua New Guinea","13,707","+284","136","+3","11,034","+39","2,537","","1,507","15","110,286","12,129","9,092,865","Australia/Oceania","663","66,859",82,31,0.3,"279"
139,"Andorra","13,470","","127","","13,104","","239","12","174,094","1,641","193,595","2,502,133","77,372","Europe","6","609",0,NA,NA,"3,089"
140,"Burkina Faso","13,387","","164","","13,184","","39","","626","8","182,822","8,545","21,394,982","Africa","1,598","130,457",117,NA,NA,"2"
141,"Tajikistan","13,308","","90","","13,218","","0","","1,369","9","","","9,721,751","Asia","731","108,019",NA,NA,NA,""
142,"Haiti","13,268","","269","","12,397","","602","","1,151","23","60,085","5,215","11,522,424","North America","868","42,834",192,NA,NA,"52"
143,"Togo","13,238","","125","","11,834","","1,279","","1,567","15","320,905","37,998","8,445,417","Africa","638","67,563",26,NA,NA,"151"
144,"Belize","12,709","","323","","12,331","","55","1","31,470","800","123,837","306,648","403,841","North America","32","1,250",3,NA,NA,"136"
145,"Curaçao","12,244","","118","","12,052","","74","23","74,353","717","102,474","622,288","164,673","North America","13","1,396",2,NA,NA,"449"
146,"Hong Kong","11,819","+1","210","","11,516","+5","93","2","1,566","28","14,841,321","1,965,864","7,549,514","Asia","639","35,950",1,0.1,NA,"12"
147,"Martinique","11,736","","90","","98","","11,548","24","31,295","240","170,302","454,123","375,013","North America","32","4,167",2,NA,NA,"30,794"
148,"Suriname","11,572","","221","","10,034","","1,317","27","19,575","374","54,694","92,518","591,171","South America","51","2,675",11,NA,NA,"2,228"
149,"Djibouti","11,389","","151","","11,221","","17","","11,385","151","152,966","152,907","1,000,383","Africa","88","6,625",7,NA,NA,"17"
150,"Congo","11,343","","148","","8,208","","2,987","","2,013","26","141,948","25,192","5,634,723","Africa","497","38,072",40,NA,NA,"530"
151,"Bahamas","11,024","","216","","9,967","","841","5","27,804","545","91,550","230,902","396,488","North America","36","1,836",4,NA,NA,"2,121"
152,"Aruba","10,826","","104","","10,628","","94","14","101,028","971","156,035","1,456,121","107,158","North America","10","1,030",1,NA,NA,"877"
153,"Lesotho","10,778","","320","","6,427","","4,031","","4,997","148","86,427","40,070","2,156,917","Africa","200","6,740",25,NA,NA,"1,869"
154,"South Sudan","10,641","","115","","10,462","","64","","941","10","156,542","13,845","11,306,940","Africa","1,063","98,321",72,NA,NA,"6"
155,"Seychelles","9,184","","32","","6,413","","2,739","","92,887","324","21,504","217,491","98,873","Africa","11","3,090",5,NA,NA,"27,702"
156,"Benin","7,995","","101","","7,652","","242","35","645","8","595,112","48,009","12,395,725","Africa","1,550","122,730",21,NA,NA,"20"
157,"Equatorial Guinea","7,694","","112","","7,279","","303","7","5,334","78","123,169","85,389","1,442,446","Africa","187","12,879",12,NA,NA,"210"
158,"Nicaragua","7,086","","184","","4,225","","2,677","","1,059","27","","","6,692,543","North America","944","36,373",NA,NA,NA,"400"
159,"CAR","6,866","","95","","5,112","","1,659","2","1,401","19","40,907","8,345","4,902,067","Africa","714","51,601",120,NA,NA,"338"
160,"Iceland","6,526","","29","","6,422","","75","3","19,018","85","622,370","1,813,660","343,157","Europe","53","11,833",1,NA,NA,"219"
161,"Yemen","6,507","","1,278","","3,003","","2,226","23","214","42","34,842","1,146","30,390,601","Asia","4,670","23,780",872,NA,NA,"73"
162,"Gambia","5,934","","175","","5,648","","111","3","2,398","71","76,379","30,861","2,474,896","Africa","417","14,142",32,NA,NA,"45"
163,"Niger","5,326","","192","","4,936","","198","2","213","8","101,658","4,074","24,955,877","Africa","4,686","129,979",245,NA,NA,"8"
164,"San Marino","5,083","","90","","4,968","","25","4","149,531","2,648","63,241","1,860,412","33,993","Europe","7","378",1,NA,NA,"735"
165,"Chad","4,895","","172","","4,672","","51","","291","10","116,167","6,902","16,830,013","Africa","3,438","97,849",145,NA,NA,"3"
166,"Saint Lucia","4,725","","75","","4,502","","148","2","25,630","407","42,643","231,312","184,353","North America","39","2,458",4,NA,NA,"803"
167,"Gibraltar","4,286","","94","","4,189","","3","","127,249","2,791","242,473","7,198,890","33,682","Europe","8","358",0,NA,NA,"89"
168,"Burundi","4,261","","6","","773","","3,482","","349","0.5","279,132","22,890","12,194,320","Africa","2,862","2,032,387",44,NA,NA,"286"
169,"Sierra Leone","4,096","","79","","3,098","","919","","505","10","153,257","18,882","8,116,504","Africa","1,982","102,741",53,NA,NA,"113"
170,"Channel Islands","4,057","","86","","3,956","","15","","23,150","491","454,413","2,592,986","175,247","Europe","43","2,038",0,NA,NA,"86"
171,"Barbados","3,959","","46","","3,908","","5","","13,762","160","161,164","560,220","287,680","North America","73","6,254",2,NA,NA,"17"
172,"Timor-Leste","3,879","","8","","2,142","+82","1,729","","2,895","6","84,361","62,953","1,340,053","Asia","345","167,507",16,NA,NA,"1,290"
173,"Comoros","3,860","","146","","3,688","","26","","4,359","165","","","885,528","Africa","229","6,065",NA,NA,NA,"29"
174,"Eritrea","3,822","","12","","3,639","","171","","1,065","3","23,693","6,602","3,588,734","Africa","939","299,061",151,NA,NA,"48"
175,"Vietnam","3,816","+106","35","","2,657","","1,124","","39","0.4","3,091,540","31,516","98,094,805","Asia","25,706","2,802,709",32,1,NA,"11"
176,"Guinea-Bissau","3,743","","67","","3,418","","258","9","1,864","33","65,224","32,483","2,007,958","Africa","536","29,970",31,NA,NA,"128"
177,"Liechtenstein","2,981","+1","58","","2,887","","36","3","77,990","1,517","39,109","1,023,180","38,223","Europe","13","659",1,26,NA,"942"
178,"New Zealand","2,645","+1","26","","2,601","+1","18","","529","5","2,069,812","413,789","5,002,100","Australia/Oceania","1,891","192,388",2,0.2,NA,"4"
179,"Monaco","2,490","","32","","2,428","","30","1","63,067","810","51,953","1,315,865","39,482","Europe","16","1,234",1,NA,NA,"760"
180,"Bermuda","2,462","+1","32","+1","2,234","+12","196","7","39,659","515","252,609","4,069,154","62,079","North America","25","1,940",0,16,16,"3,157"
181,"Turks and Caicos","2,404","","17","","2,365","","22","2","61,375","434","65,926","1,683,117","39,169","North America","16","2,304",1,NA,NA,"562"
182,"Sao Tome and Principe","2,320","","35","","2,270","","15","","10,419","157","12,999","58,380","222,662","Africa","96","6,362",17,NA,NA,"67"
183,"Sint Maarten","2,272","","27","","2,213","","32","2","52,476","624","26,880","620,843","43,296","North America","19","1,604",2,NA,NA,"739"
184,"Liberia","2,114","","85","","1,962","","67","2","410","16","97,875","18,969","5,159,805","Africa","2,441","60,704",53,NA,NA,"13"
185,"St. Vincent Grenadines","1,932","+4","12","","1,769","+5","151","2","17,367","108","46,829","420,954","111,245","North America","58","9,270",2,36,NA,"1,357"
186,"Saint Martin","1,773","","12","","1,399","","362","7","45,190","306","27,588","703,166","39,234","North America","22","3,270",1,NA,NA,"9,227"
187,"Isle of Man","1,590","","29","","1,555","","6","1","18,613","339","44,761","523,999","85,422","Europe","54","2,946",2,NA,NA,"70"
188,"Caribbean Netherlands","1,590","","17","","1,558","","15","","60,152","643","10,040","379,828","26,433","North America","17","1,555",3,NA,NA,"567"
189,"Laos","1,498","+16","2","+1","513","+82","983","","203","0.3","213,373","28,965","7,366,551","Asia","4,918","3,683,276",35,2,0.1,"133"
190,"Taiwan","1,290","+34","12","","1,107","+5","171","","54","0.5","571,259","23,948","23,854,078","Asia","18,492","1,987,840",42,1,NA,"7"
191,"Mauritius","1,277","+2","17","","1,130","","130","","1,003","13","358,675","281,624","1,273,594","Africa","997","74,917",4,2,NA,"102"
192,"Bhutan","1,276","+13","1","","1,121","","154","","1,638","1","738,413","947,973","778,939","Asia","610","778,939",1,17,NA,"198"
193,"Antigua and Barbuda","1,240","","32","","1,179","","29","4","12,572","324","16,700","169,321","98,629","North America","80","3,082",6,NA,NA,"294"
194,"St. Barth","974","","1","","462","","511","","98,354","101","26,385","2,664,344","9,903","North America","10","9,903",0,NA,NA,"51,601"
195,"Diamond Princess","712","","13","","699","","0","","","","","","","","","",NA,NA,NA,""
196,"Faeroe Islands","669","","1","","663","","5","","13,646","20","259,009","5,283,310","49,024","Europe","73","49,024",0,NA,NA,"102"
197,"Cayman Islands","561","","2","","546","","13","","8,450","30","93,352","1,406,158","66,388","North America","118","33,194",1,NA,NA,"196"
198,"Tanzania","509","","21","","183","","305","7","8","0.3","","","61,193,226","Africa","120,222","2,913,963",NA,NA,NA,"5"
199,"Wallis and Futuna","445","","7","","44","","394","1","40,206","632","17,264","1,559,812","11,068","Australia/Oceania","25","1,581",1,NA,NA,"35,598"
200,"Brunei","232","","3","","220","","9","","526","7","123,068","279,006","441,095","Asia","1,901","147,032",4,NA,NA,"20"
201,"British Virgin Islands","219","","1","","193","","25","","7,203","33","39,777","1,308,239","30,405","North America","139","30,405",1,NA,NA,"822"
202,"Dominica","178","","","","176","","2","","2,467","","15,844","219,625","72,141","North America","405","",5,NA,NA,"28"
203,"Fiji","165","","4","","109","","52","","183","4","70,792","78,478","902,057","Australia/Oceania","5,467","225,514",13,NA,NA,"58"
204,"Grenada","161","","1","","160","","0","","1,425","9","28,684","253,899","112,974","North America","702","112,974",4,NA,NA,""
205,"New Caledonia","124","","","","58","","66","","431","","31,166","108,265","287,867","Australia/Oceania","2,322","",9,NA,NA,"229"
206,"Anguilla","109","","","","89","","20","","7,209","","21,630","1,430,650","15,119","North America","139","",1,NA,NA,"1,323"
207,"Falkland Islands","63","","","","63","","0","","17,662","","7,258","2,034,763","3,567","South America","57","",0,NA,NA,""
208,"Macao","49","","","","49","","0","","75","","4,483","6,824","656,966","Asia","13,407","",147,NA,NA,""
209,"Saint Kitts and Nevis","45","","","","44","","1","","841","","13,691","255,792","53,524","North America","1,189","",4,NA,NA,"19"
210,"Greenland","31","","","","31","","0","","545","","20,669","363,539","56,855","North America","1,834","",3,NA,NA,""
211,"Vatican City","27","","","","15","","12","","33,624","","","","803","Europe","30","",NA,NA,NA,"14,944"
212,"Saint Pierre Miquelon","25","","","","25","","0","","4,334","","5,318","921,824","5,769","North America","231","",1,NA,NA,""
213,"Montserrat","20","","1","","19","","0","","4,004","200","1,313","262,863","4,995","North America","250","4,995",4,NA,NA,""
214,"Solomon Islands","20","","","","20","","0","","29","","4,500","6,416","701,349","Australia/Oceania","35,067","",156,NA,NA,""
215,"Western Sahara","10","","1","","8","","1","","16","2","","","609,951","Africa","60,995","609,951",NA,NA,NA,"2"
216,"MS Zaandam","9","","2","","7","","0","","","","","","","","","",NA,NA,NA,""
217,"Vanuatu","4","","1","","3","","0","","13","3","23,000","73,409","313,311","Australia/Oceania","78,328","313,311",14,NA,NA,""
218,"Marshall Islands","4","","","","4","","0","","67","","","","59,535","Australia/Oceania","14,884","",NA,NA,NA,""
219,"Samoa","3","","","","2","","1","","15","","","","199,553","Australia/Oceania","66,518","",NA,NA,NA,"5"
220,"Saint Helena","2","","","","2","","0","","328","","","","6,093","Africa","3,047","",NA,NA,NA,""
221,"Micronesia","1","","","","1","","0","","9","","","","116,064","Australia/Oceania","116,064","",NA,NA,NA,""
222,"China","90,815","+7","4,636","","85,894","+13","285","1","63","3","160,000,000","111,163","1,439,323,776","Asia","15,849","310,467",9,NA,NA,"0.2"
NA,"Total:","39,078,544","+10,176","876,265","+422","31,189,198","+6,842","7,013,081","16,401","","","","","","North America","","",NA,NA,NA,""
NA,"Total:","45,968,520","+271,064","594,763","+2,778","40,062,750","+265,197","5,311,007","33,111","","","","","","Asia","","",NA,NA,NA,""
NA,"Total:","26,416,486","","718,992","","23,965,004","","1,732,490","28,211","","","","","","South America","","",NA,NA,NA,""
NA,"Total:","45,930,422","+57,322","1,045,997","+1,782","41,511,046","+102,013","3,373,379","23,332","","","","","","Europe","","",NA,NA,NA,""
NA,"Total:","4,709,177","+539","125,949","+11","4,243,741","+493","339,487","3,062","","","","","","Africa","","",NA,NA,NA,""
NA,"Total:","65,872","+287","1,225","+3","61,354","+27","3,293","3","","","","","","Australia/Oceania","","",NA,NA,NA,""
NA,"Total:","721","","15","","706","","0","0","","","","","","","","",NA,NA,NA,""
NA,"Total:","162,169,742","+339,388","3,363,206","+4,996","141,033,799","+376,033","17,772,737","104,120","20,804.9","431.5","","","","All","","",NA,NA,NA,""
